"","Position","Unknown","Views","Clicks"
"1","0","1005",69513,198
"2","1","1005",19206,82
"3","0","1002",5028,253
"4","0","1001",19,2
"5","2","1005",32,2
"6","2","1008",11,1
"7","0","1010",2,0
"8","1","1005",26666,94
"9","0","1005",69804,204
"10","0","1002",4948,292
"11","0","1001",6,0
"12","2","1005",48,2
"13","2","1008",12,1
"14","0","1005",1,0
"15","0","1005",85190,274
"16","1","1005",38781,96
"17","0","1002",4522,321
"18","2","1008",458,1
"19","2","1005",69,2
"20","0","1010",2,0
"21","0","1001",1,0
"22","0","1005",83884,297
"23","1","1005",42063,98
"24","0","1002",5874,314
"25","0","1012",4611,2
"26","2","1008",330,1
"27","2","1005",113,3
"28","1","1012",6,1
"29","0","1001",1,0
"30","0","1005",101894,329
"31","1","1005",54976,105
"32","0","1002",8621,487
"33","0","1012",6372,2
"34","2","1008",630,1
"35","2","1005",97,3
"36","1","1012",20,1
"37","0","1005",1,0
"38","0","1001",12,1
"39","2","1012",1,0
"40","0","1005",1,0
"41","0","1005",91655,334
"42","1","1005",58442,108
"43","0","1012",3207,2
"44","0","1002",7662,434
"45","2","1005",102,2
"46","2","1008",386,1
"47","1","1012",14,1
"48","0","1001",6,0
"49","0","1010",2,1
"50","2","1012",1,0
"51","0","1005",85206,311
"52","1","1005",60773,99
"53","0","1002",9290,503
"54","2","1008",266,1
"55","1","1012",5,1
"56","2","1005",106,2
"57","0","1005",2,0
"58","0","1012",8,1
"59","0","1001",12,1
"60","0","1005",2,1
"61","0","1005",75198,285
"62","1","1005",54269,79
"63","0","1002",10369,501
"64","2","1005",112,2
"65","2","1008",33,1
"66","0","1001",11,0
"67","0","1012",3,1
"68","1","1005",60408,79
"69","0","1005",69694,292
"70","0","1002",11133,560
"71","2","1008",22,1
"72","2","1005",88,1
"73","0","1001",7,1
"74","0","1012",6,0
"75","0","1005",2,0
"76","1","1012",3,0
"77","0","1005",77081,281
"78","1","1005",56859,103
"79","0","1002",12664,612
"80","0","1001",17,1
"81","2","1008",90,1
"82","2","1005",100,3
"83","0","1012",37,1
"84","1","1012",2,0
"85","0","1005",1,0
"86","2","1012",1,0
"87","1","1005",50925,103
"88","0","1005",68387,242
"89","0","1002",12761,556
"90","2","1008",115,1
"91","0","1012",85,1
"92","2","1005",49,4
"93","0","1001",12,0
"94","1","1012",2,1
"95","0","1005",1,0
"96","2","1012",1,0
"97","0","1005",65218,240
"98","1","1005",47477,105
"99","0","1002",11872,519
"100","2","1005",65,3
"101","2","1008",91,1
"102","0","1012",86,2
"103","0","1001",5,0
"104","1","1012",7,1
"105","1","1005",37619,99
"106","0","1005",54696,240
"107","0","1002",8337,415
"108","2","1005",100,2
"109","0","1012",113,2
"110","2","1008",44,1
"111","0","1010",1,0
"112","0","1001",6,0
"113","2","1012",1,0
"114","1","1012",1,1
"115","0","1005",66501,220
"116","0","1012",96,2
"117","1","1005",46183,107
"118","0","1002",11561,493
"119","2","1005",171,2
"120","0","1010",2,0
"121","2","1008",12,1
"122","2","1012",1,0
"123","1","1005",41364,91
"124","0","1005",62454,237
"125","0","1002",11021,449
"126","2","1005",90,2
"127","0","1012",19,2
"128","0","1001",2,0
"129","1","1012",1,0
"130","2","1012",1,0
"131","0","1005",62287,235
"132","0","1002",9405,469
"133","1","1005",43509,104
"134","2","1005",62,2
"135","0","1012",11,0
"136","0","1005",1,0
"137","1","1012",2,0
"138","0","1010",1,0
"139","2","1012",1,0
"140","0","1002",7928,409
"141","0","1005",62456,257
"142","1","1005",41045,80
"143","2","1005",104,2
"144","1","1012",3,0
"145","0","1012",22,1
"146","2","1012",1,0
"147","1","1005",40598,93
"148","0","1005",61867,269
"149","0","1002",6529,337
"150","2","1005",98,2
"151","0","1012",10,1
"152","2","1012",3,0
"153","1","1012",1,0
"154","0","1005",51358,253
"155","1","1005",32342,82
"156","0","1002",6772,336
"157","0","1012",19,2
"158","0","1010",1,0
"159","2","1005",52,3
"160","1","1012",2,0
"161","0","1005",1,0
"162","2","1012",1,0
"163","1","1005",20413,70
"164","0","1005",36416,190
"165","0","1002",6115,283
"166","2","1005",45,2
"167","0","1012",24,2
"168","2","1008",1,0
"169","1","1012",4,0
"170","0","1005",28073,177
"171","0","1002",6144,256
"172","1","1005",15999,68
"173","2","1005",23,1
"174","0","1012",35,1
"175","2","1012",2,0
"176","1","1012",2,0
"177","1","1005",13661,56
"178","0","1005",25198,147
"179","0","1002",4844,214
"180","0","1012",28,1
"181","2","1005",18,1
"182","2","1008",4,1
"183","1","1012",2,0
"184","0","1010",1,1
"185","1","1005",15015,56
"186","0","1002",4890,233
"187","0","1005",26852,132
"188","0","1012",48,2
"189","2","1005",36,2
"190","1","1012",2,0
"191","2","1008",13,1
"192","0","1001",1,0
"193","0","1005",23769,113
"194","1","1005",13101,60
"195","0","1002",4019,190
"196","0","1012",32,2
"197","2","1005",23,1
"198","1","1012",4,0
"199","2","1008",2,1
"200","0","1005",29219,155
"201","1","1005",14755,85
"202","0","1002",4281,274
"203","2","1005",28,2
"204","2","1008",10,1
"205","0","1012",10,0
"206","1","1012",3,0
"207","0","1010",3,1
"208","0","1001",9,0
"209","0","1005",41097,199
"210","1","1005",21738,83
"211","0","1002",4178,360
"212","2","1005",58,2
"213","0","1001",8,0
"214","2","1008",8,1
"215","0","1012",8,0
"216","1","1012",2,0
"217","1","1005",24064,92
"218","0","1005",37972,247
"219","0","1002",5692,302
"220","2","1005",53,1
"221","0","1012",7,0
"222","1","1012",1,0
"223","2","1008",1,0
"224","1","1005",34040,99
"225","0","1005",48099,267
"226","0","1002",5668,342
"227","2","1005",91,2
"228","2","1008",11,1
"229","0","1012",11,0
"230","0","1001",1,0
"231","1","1012",3,0
"232","2","1012",1,0
"233","0","1005",77524,331
"234","1","1005",46819,118
"235","0","1002",11132,571
"236","2","1012",14,0
"237","2","1008",81,1
"238","2","1005",132,2
"239","0","1001",14,0
"240","0","1012",18,0
"241","1","1012",3,0
"242","1","1005",57659,112
"243","0","1005",111653,357
"244","0","1002",15696,692
"245","1","1012",165,1
"246","2","1008",296,1
"247","2","1005",191,2
"248","2","1012",5,0
"249","0","1012",13,0
"250","0","1001",9,1
"251","0","1005",106255,372
"252","0","1002",13267,717
"253","1","1005",56745,113
"254","1","1012",298,1
"255","2","1008",86,1
"256","2","1005",155,2
"257","0","1001",7,0
"258","0","1012",11,0
"259","1","1005",48704,96
"260","0","1002",14679,754
"261","0","1005",85492,342
"262","1","1012",519,1
"263","2","1008",113,1
"264","2","1005",123,2
"265","0","1012",12,1
"266","0","1001",3,0
"267","0","1005",112429,388
"268","1","1005",60745,94
"269","0","1002",14232,710
"270","2","1005",197,2
"271","1","1012",541,1
"272","2","1008",138,1
"273","0","1001",9,0
"274","0","1012",14,0
"275","2","1012",1,1
"276","0","1005",129173,372
"277","0","1002",13176,691
"278","1","1005",76795,99
"279","1","1012",155,1
"280","2","1008",37,1
"281","2","1005",165,3
"282","0","1001",29,0
"283","0","1012",20,1
"284","2","1012",1,0
"285","0","1010",1,0
"286","1","1005",83818,112
"287","0","1005",139823,402
"288","0","1002",14036,729
"289","2","1005",104,2
"290","0","1012",25,0
"291","2","1008",28,2
"292","1","1012",7,0
"293","0","1001",19,1
"294","0","1005",2,0
"295","2","1012",2,0
"296","1","1005",74387,113
"297","0","1005",129968,378
"298","0","1002",11604,501
"299","0","1012",14,1
"300","2","1005",127,3
"301","2","1008",5,0
"302","0","1010",1,0
"303","2","1012",2,0
"304","0","1001",2,0
"305","1","1005",75273,111
"306","0","1005",138710,365
"307","0","1002",11338,534
"308","2","1005",142,3
"309","0","1012",72,3
"310","0","1001",7,0
"311","2","1008",4,1
"312","2","1012",4,0
"313","0","1005",112077,347
"314","1","1005",51291,99
"315","0","1002",9901,574
"316","2","1005",115,2
"317","0","1012",67,2
"318","2","1008",3,0
"319","2","1012",3,0
"320","0","1001",2,0
"321","0","1005",73239,322
"322","1","1005",44543,87
"323","0","1002",8625,540
"324","2","1005",131,2
"325","0","1012",52,2
"326","2","1008",2,0
"327","0","1010",5,0
"328","0","1001",4,0
"329","2","1012",2,0
"330","1","1005",47705,99
"331","0","1005",72582,313
"332","0","1002",7544,554
"333","2","1005",129,2
"334","0","1012",67,2
"335","2","1008",4,1
"336","0","1010",2,0
"337","0","1001",4,0
"338","2","1012",1,0
"339","1","1005",56148,82
"340","0","1005",67847,357
"341","0","1002",7608,579
"342","2","1005",110,2
"343","0","1012",59,1
"344","2","1012",2,0
"345","0","1010",2,0
"346","2","1008",2,0
"347","0","1001",1,1
"348","0","1005",69240,348
"349","1","1005",66441,83
"350","0","1002",10460,663
"351","0","1010",4,0
"352","2","1005",126,2
"353","0","1012",45,1
"354","0","1005",1,0
"355","0","1005",71157,329
"356","1","1005",61996,89
"357","0","1002",10239,604
"358","2","1005",119,3
"359","0","1012",30,1
"360","0","1001",15,1
"361","2","1008",6,1
"362","0","1010",4,1
"363","2","1012",1,0
"364","0","1005",56114,282
"365","1","1005",47407,79
"366","0","1002",10495,549
"367","0","1012",43,2
"368","2","1008",32,2
"369","0","1001",22,0
"370","2","1005",53,2
"371","0","1010",2,0
"372","2","1012",1,1
"373","0","1002",8283,431
"374","1","1005",35668,74
"375","0","1005",45159,226
"376","0","1012",56,2
"377","2","1005",61,4
"378","2","1008",30,1
"379","0","1001",5,0
"380","0","1010",4,1
"381","0","1002",6327,344
"382","1","1005",33189,70
"383","0","1005",36345,208
"384","2","1008",29,1
"385","0","1012",40,2
"386","2","1005",38,1
"387","0","1001",6,0
"388","0","1005",2,0
"389","0","1010",2,1
"390","1","1005",26478,66
"391","0","1002",5667,289
"392","0","1005",36532,176
"393","2","1008",35,1
"394","0","1001",17,1
"395","0","1012",59,3
"396","2","1005",28,2
"397","0","1010",2,0
"398","2","1012",1,0
"399","1","1005",23637,69
"400","0","1005",32996,191
"401","0","1002",4162,278
"402","0","1010",4,0
"403","2","1008",27,1
"404","2","1005",33,1
"405","0","1001",11,0
"406","0","1012",38,3
"407","0","1005",35298,186
"408","1","1005",22960,64
"409","0","1002",4460,324
"410","0","1012",174,4
"411","0","1001",16,0
"412","2","1005",88,1
"413","2","1008",26,1
"414","2","1012",2,1
"415","1","1005",28350,69
"416","0","1002",5477,457
"417","0","1005",40724,223
"418","2","1008",17,1
"419","2","1005",97,2
"420","0","1012",127,3
"421","0","1001",19,1
"422","2","1012",3,0
"423","0","1010",1,0
"424","1","1005",39407,94
"425","0","1005",48251,251
"426","0","1002",10224,444
"427","0","1012",174,3
"428","2","1005",64,2
"429","2","1008",36,1
"430","2","1012",3,0
"431","0","1010",3,0
"432","0","1001",4,0
"433","1","1005",65251,97
"434","0","1005",53664,298
"435","0","1002",6868,478
"436","2","1005",61,2
"437","0","1012",152,2
"438","2","1008",41,1
"439","0","1010",3,1
"440","0","1001",5,0
"441","2","1012",3,0
"442","1","1005",80793,101
"443","0","1005",89466,381
"444","0","1002",10614,657
"445","2","1005",129,2
"446","0","1012",151,3
"447","2","1008",56,1
"448","0","1001",20,1
"449","0","1010",2,0
"450","2","1012",5,0
"451","0","1005",83950,343
"452","1","1005",62808,108
"453","0","1002",10359,637
"454","0","1012",115,3
"455","2","1005",184,3
"456","2","1008",32,1
"457","0","1001",6,0
"458","2","1012",1,0
"459","1","1005",44666,96
"460","0","1005",51111,286
"461","0","1002",11427,667
"462","0","1012",168,3
"463","2","1005",98,2
"464","2","1008",21,1
"465","2","1012",2,0
"466","0","1001",1,0
"467","1","1012",1,0
"468","1","1005",56739,109
"469","0","1005",63671,300
"470","0","1002",8450,502
"471","0","1012",141,3
"472","2","1005",160,3
"473","2","1008",20,1
"474","0","1001",4,0
"475","2","1012",2,0
"476","0","1005",75401,311
"477","1","1005",73776,116
"478","0","1002",12280,747
"479","0","1012",102,2
"480","2","1005",133,2
"481","0","1001",11,1
"482","2","1008",20,1
"483","2","1012",3,0
"484","0","1005",70155,332
"485","1","1005",65894,100
"486","0","1002",13170,767
"487","2","1008",42,1
"488","0","1012",115,1
"489","2","1005",103,2
"490","0","1001",19,0
"491","0","1005",52064,286
"492","1","1005",61367,93
"493","0","1002",11496,733
"494","2","1005",108,2
"495","0","1012",121,3
"496","2","1008",32,1
"497","0","1001",7,0
"498","1","1005",46831,85
"499","0","1005",63492,281
"500","0","1002",10123,694
"501","2","1005",104,2
"502","0","1012",105,2
"503","0","1001",23,1
"504","2","1008",25,1
"505","2","1012",1,0
"506","0","1002",11407,755
"507","0","1005",64944,279
"508","1","1005",31254,79
"509","2","1008",29,1
"510","2","1005",65,1
"511","0","1012",100,2
"512","0","1001",17,0
"513","2","1012",3,0
"514","0","1005",59793,296
"515","1","1005",29995,80
"516","0","1002",9123,604
"517","1","1012",172,1
"518","2","1005",63,3
"519","0","1001",19,1
"520","0","1012",154,5
"521","2","1008",28,1
"522","2","1012",1,0
"523","0","1010",1,0
"524","1","1005",26209,84
"525","0","1005",66474,286
"526","0","1002",11237,686
"527","1","1012",55,0
"528","2","1005",74,2
"529","0","1001",22,1
"530","0","1012",175,5
"531","2","1008",22,1
"532","1","1005",36292,87
"533","0","1005",82804,316
"534","0","1012",141,5
"535","0","1002",12071,741
"536","2","1005",122,2
"537","1","1012",149,0
"538","2","1008",17,1
"539","2","1012",5,0
"540","0","1001",12,0
"541","0","1010",2,0
"542","0","1002",11342,717
"543","0","1005",83073,319
"544","1","1005",34913,87
"545","1","1012",35,0
"546","0","1012",184,4
"547","0","1001",14,1
"548","2","1005",128,3
"549","2","1008",17,1
"550","0","1010",4,1
"551","2","1012",1,0
"552","1","1005",42157,74
"553","0","1005",75895,294
"554","0","1002",9168,616
"555","0","1012",147,3
"556","2","1005",109,1
"557","2","1008",19,1
"558","0","1001",9,0
"559","0","1010",2,0
"560","1","1012",1,0
"561","0","1005",73171,292
"562","1","1005",41533,81
"563","0","1002",9248,585
"564","2","1005",87,2
"565","0","1012",88,5
"566","2","1008",21,1
"567","2","1012",1,0
"568","1","1012",3,1
"569","0","1001",11,0
"570","0","1005",54456,263
"571","1","1005",27987,70
"572","0","1002",6889,454
"573","2","1005",66,2
"574","0","1012",53,4
"575","2","1008",21,1
"576","0","1001",5,0
"577","0","1010",1,0
"578","0","1005",9,0
"579","1","1012",6,1
"580","0","1005",39754,248
"581","1","1005",26362,75
"582","0","1002",6063,382
"583","0","1012",58,2
"584","2","1005",62,2
"585","2","1008",18,1
"586","0","1005",3,0
"587","1","1012",3,1
"588","0","1010",1,0
"589","0","1001",1,0
"590","1","1005",22283,62
"591","0","1005",36865,239
"592","0","1002",4029,300
"593","2","1008",31,1
"594","2","1005",40,2
"595","0","1012",35,2
"596","0","1010",1,0
"597","0","1001",8,0
"598","1","1012",2,0
"599","0","1005",1,0
"600","0","1005",38910,195
"601","0","1002",4223,292
"602","1","1005",19355,61
"603","0","1001",11,1
"604","2","1005",34,2
"605","0","1012",57,1
"606","2","1012",1,0
"607","1","1012",5,1
"608","2","1008",5,0
"609","0","1010",1,1
"610","0","1005",39687,172
"611","1","1005",17088,55
"612","0","1002",3455,260
"613","0","1012",76,2
"614","1","1012",3,1
"615","2","1005",24,2
"616","2","1008",5,0
"617","0","1001",2,0
"618","0","1010",1,0
"619","0","1005",40853,182
"620","0","1002",2799,221
"621","1","1005",14079,65
"622","0","1012",53,3
"623","2","1005",47,1
"624","1","1012",4,1
"625","0","1001",7,0
"626","2","1008",3,0
"627","0","1010",2,0
"628","0","1005",42554,207
"629","0","1002",4146,358
"630","1","1005",20494,72
"631","2","1005",73,2
"632","0","1012",68,4
"633","0","1001",3,0
"634","0","1010",5,1
"635","1","1012",3,1
"636","2","1012",1,0
"637","0","1005",47654,232
"638","1","1005",34605,85
"639","0","1002",5631,332
"640","0","1012",106,3
"641","2","1005",79,2
"642","0","1001",2,1
"643","1","1012",4,1
"644","0","1010",3,0
"645","2","1008",2,0
"646","0","1005",52036,259
"647","1","1005",34715,79
"648","0","1002",5046,348
"649","1","1012",6,1
"650","0","1012",124,4
"651","2","1005",76,2
"652","0","1001",1,0
"653","2","1008",3,0
"654","0","1010",1,0
"655","0","1002",5459,334
"656","0","1005",59074,271
"657","1","1005",34976,96
"658","0","1012",97,3
"659","2","1005",74,2
"660","1","1012",5,1
"661","0","1001",8,0
"662","2","1008",4,1
"663","0","1010",2,1
"664","2","1012",1,0
"665","1","1005",37635,105
"666","0","1005",60407,283
"667","0","1002",6283,335
"668","2","1005",125,2
"669","0","1012",111,3
"670","0","1001",7,0
"671","2","1008",4,1
"672","2","1012",1,0
"673","1","1012",4,1
"674","1","1005",41493,107
"675","0","1005",70418,285
"676","0","1002",6764,384
"677","0","1012",84,3
"678","2","1005",99,2
"679","2","1008",6,0
"680","1","1012",5,1
"681","2","1012",2,0
"682","0","1001",2,0
"683","0","1005",85186,291
"684","1","1005",39549,104
"685","2","1005",113,3
"686","0","1002",5992,365
"687","0","1012",106,2
"688","2","1008",3,0
"689","1","1012",4,1
"690","0","1001",5,2
"691","0","1005",77196,304
"692","1","1005",40984,104
"693","2","1005",133,2
"694","0","1002",5750,354
"695","0","1012",110,3
"696","1","1012",8,1
"697","0","1001",7,0
"698","2","1012",1,0
"699","0","1005",65240,298
"700","1","1005",38506,102
"701","0","1002",6220,339
"702","0","1012",104,2
"703","2","1005",102,2
"704","0","1001",11,2
"705","2","1012",3,0
"706","2","1008",2,0
"707","1","1012",1,1
"708","0","1005",52189,262
"709","1","1005",36968,97
"710","0","1002",6565,374
"711","2","1005",98,2
"712","1","1012",7,1
"713","0","1001",31,0
"714","0","1012",101,3
"715","2","1012",6,0
"716","2","1008",1,0
"717","0","1005",43823,252
"718","1","1005",29861,88
"719","2","1005",57,2
"720","0","1002",7728,388
"721","0","1012",658,3
"722","2","1012",35,3
"723","1","1012",6,1
"724","0","1001",22,0
"725","2","1008",7,0
"726","0","1010",1,0
"727","1","1005",49772,87
"728","0","1005",68019,269
"729","0","1002",5901,363
"730","2","1005",108,2
"731","0","1012",89,2
"732","0","1001",15,0
"733","1","1012",6,1
"734","0","1005",1,0
"735","0","1010",2,1
"736","1","1005",44254,91
"737","0","1005",73544,267
"738","0","1002",9071,580
"739","0","1012",74,3
"740","0","1001",14,0
"741","2","1005",148,2
"742","2","1012",3,1
"743","1","1012",5,1
"744","1","1005",52171,99
"745","0","1005",85476,285
"746","0","1002",7813,470
"747","2","1005",111,2
"748","0","1001",8,1
"749","0","1012",121,3
"750","1","1012",13,1
"751","2","1012",4,0
"752","0","1010",1,0
"753","0","1005",80658,324
"754","1","1005",56772,94
"755","0","1002",6721,431
"756","2","1005",108,3
"757","0","1012",68,3
"758","2","1008",2,0
"759","1","1012",5,1
"760","2","1012",2,0
"761","0","1005",1,0
"762","0","1005",93957,312
"763","1","1005",74501,116
"764","2","1005",158,3
"765","0","1002",6300,399
"766","0","1012",59,3
"767","2","1008",3,0
"768","0","1010",1,0
"769","0","1001",3,0
"770","1","1005",79626,111
"771","0","1005",95927,298
"772","0","1002",8772,479
"773","2","1005",140,4
"774","0","1012",120,3
"775","0","1001",6,0
"776","2","1008",1,0
"777","0","1010",4,0
"778","0","1005",62826,261
"779","1","1005",43483,88
"780","0","1002",10332,536
"781","2","1005",76,2
"782","0","1012",49,1
"783","0","1001",16,0
"784","2","1008",3,0
"785","0","1010",1,0
"786","2","1012",2,1
"787","0","1002",8536,541
"788","1","1005",3503,32
"789","0","1005",10105,37
"790","0","1001",11,1
"791","0","1012",29,1
"792","1","1012",6,0
"793","2","1005",14,1
"794","2","1008",3,0
"795","0","1010",3,0
"796","2","1012",1,0
"797","0","1005",5995,38
"798","0","1002",6231,393
"799","1","1005",2450,28
"800","2","1005",5,0
"801","1","1012",93,1
"802","0","1012",42,3
"803","0","1001",29,1
"804","2","1008",2,0
"805","0","1010",1,0
"806","0","1002",5648,352
"807","0","1005",5300,29
"808","1","1005",2117,22
"809","2","1008",6,0
"810","0","1001",44,1
"811","0","1012",9,1
"812","2","1005",4,0
"813","0","1005",3182,18
"814","0","1002",4501,314
"815","1","1005",1244,20
"816","2","1005",5,0
"817","0","1012",13,0
"818","0","1010",2,1
"819","0","1001",34,1
"820","2","1008",5,0
"821","2","1012",1,0
"822","1","1005",2540,20
"823","0","1005",8388,60
"824","0","1002",3865,293
"825","0","1001",28,0
"826","0","1012",17,0
"827","0","1010",3,1
"828","2","1008",4,0
"829","2","1005",3,0
"830","2","1012",2,0
"831","0","1005",35114,105
"832","1","1005",13778,64
"833","0","1002",4060,294
"834","2","1005",52,3
"835","0","1012",48,2
"836","0","1001",19,1
"837","2","1012",2,0
"838","0","1010",1,0
"839","2","1008",6,0
"840","0","1005",1,1
"841","1","1005",16140,59
"842","0","1005",38378,117
"843","0","1002",3823,361
"844","0","1012",49,1
"845","2","1005",75,3
"846","2","1008",7,1
"847","2","1012",6,0
"848","0","1010",1,1
"849","0","1001",9,0
"850","0","1005",12907,64
"851","0","1002",6253,451
"852","1","1005",6268,37
"853","0","1012",68,2
"854","0","1001",17,1
"855","0","1010",6,0
"856","2","1005",21,0
"857","2","1008",3,0
"858","2","1012",2,0
"859","0","1005",21554,125
"860","1","1005",14322,59
"861","0","1002",5646,462
"862","0","1012",64,2
"863","2","1005",34,2
"864","2","1012",5,0
"865","0","1010",1,0
"866","2","1008",7,0
"867","0","1001",4,0
"868","0","1002",8747,546
"869","1","1005",18160,74
"870","0","1005",34725,140
"871","2","1008",10,1
"872","2","1012",5,0
"873","0","1001",13,0
"874","0","1012",85,2
"875","2","1005",37,2
"876","0","1010",2,1
"877","1","1005",31980,91
"878","0","1002",12767,603
"879","0","1005",50965,174
"880","0","1012",108,3
"881","2","1005",60,2
"882","0","1010",7,0
"883","2","1012",6,0
"884","2","1008",12,1
"885","0","1001",5,0
"886","0","1005",22672,85
"887","1","1005",9431,48
"888","0","1002",10962,574
"889","0","1012",76,1
"890","2","1005",33,1
"891","2","1008",15,1
"892","0","1001",1,0
"893","2","1012",1,0
"894","0","1005",63048,189
"895","1","1005",34849,80
"896","0","1002",11122,635
"897","0","1012",124,1
"898","2","1005",120,2
"899","2","1008",9,1
"900","2","1012",2,1
"901","0","1001",3,0
"902","1","1012",1,0
"903","0","1005",58042,213
"904","1","1005",42254,89
"905","0","1002",11631,715
"906","2","1008",20,1
"907","2","1005",85,3
"908","0","1012",83,2
"909","0","1001",8,0
"910","1","1012",1,0
"911","0","1005",61914,306
"912","1","1005",55047,88
"913","0","1002",10635,637
"914","0","1012",109,3
"915","2","1005",112,2
"916","2","1008",31,1
"917","0","1001",11,1
"918","0","1005",59112,327
"919","1","1005",53742,101
"920","0","1002",8033,493
"921","0","1012",119,1
"922","2","1005",97,2
"923","2","1008",26,1
"924","0","1001",17,0
"925","1","1005",46126,104
"926","0","1005",61272,319
"927","0","1002",10041,589
"928","0","1012",130,1
"929","2","1005",113,2
"930","0","1001",32,1
"931","2","1008",13,1
"932","2","1012",2,0
"933","0","1010",1,0
"934","1","1005",53963,98
"935","0","1002",12270,599
"936","0","1005",67245,319
"937","0","1012",146,5
"938","2","1005",109,2
"939","0","1001",37,1
"940","2","1008",17,1
"941","0","1010",1,0
"942","2","1012",1,0
"943","1","1005",63805,118
"944","0","1005",85456,340
"945","0","1002",12191,514
"946","0","1012",125,4
"947","2","1005",131,2
"948","2","1008",23,1
"949","0","1001",9,1
"950","0","1010",2,1
"951","2","1012",2,1
"952","0","1005",89549,349
"953","1","1005",64624,104
"954","0","1002",9623,497
"955","2","1005",155,3
"956","0","1012",161,4
"957","2","1008",19,1
"958","0","1010",1,0
"959","2","1012",1,0
"960","0","1001",1,0
"961","0","1005",94831,355
"962","1","1005",64525,97
"963","0","1002",7031,359
"964","0","1012",196,3
"965","2","1005",176,3
"966","0","1001",7,0
"967","2","1008",7,1
"968","1","1012",1,0
"969","1","1005",61120,87
"970","0","1005",85701,339
"971","0","1002",4802,328
"972","2","1005",134,3
"973","0","1012",238,3
"974","0","1001",6,0
"975","2","1012",2,0
"976","2","1008",7,1
"977","0","1002",6222,407
"978","0","1005",86958,332
"979","1","1005",59775,98
"980","0","1012",226,1
"981","2","1008",1,0
"982","2","1005",115,2
"983","0","1001",2,0
"984","2","1012",2,0
"985","0","1010",1,0
"986","0","1005",78157,318
"987","1","1005",54246,93
"988","0","1002",6602,437
"989","0","1012",146,3
"990","2","1005",116,2
"991","2","1008",8,0
"992","1","1012",64,1
"993","0","1001",5,0
"994","0","1010",1,0
"995","1","1005",35666,70
"996","0","1005",39914,249
"997","0","1002",5135,353
"998","0","1012",125,3
"999","1","1012",164,1
"1000","2","1005",38,3
"1001","0","1001",7,0
"1002","2","1012",5,1
"1003","0","1010",1,0
"1004","2","1008",4,1
"1005","1","1005",27743,60
"1006","0","1005",26538,215
"1007","0","1002",4374,297
"1008","2","1012",2,0
"1009","0","1012",146,4
"1010","1","1012",129,1
"1011","2","1005",11,2
"1012","2","1008",8,1
"1013","0","1001",4,0
"1014","1","1005",24782,55
"1015","0","1005",21031,176
"1016","1","1012",162,1
"1017","0","1002",3787,283
"1018","0","1012",107,1
"1019","2","1005",14,3
"1020","0","1001",8,1
"1021","2","1008",5,0
"1022","0","1005",20922,160
"1023","1","1005",22656,55
"1024","0","1002",3510,233
"1025","0","1012",129,2
"1026","1","1012",156,1
"1027","2","1005",7,1
"1028","0","1001",11,2
"1029","2","1008",4,1
"1030","2","1012",2,0
"1031","0","1005",21318,145
"1032","1","1005",18583,51
"1033","0","1002",2316,194
"1034","1","1012",175,2
"1035","0","1012",99,3
"1036","2","1005",29,2
"1037","2","1008",4,1
"1038","2","1012",1,0
"1039","0","1001",3,0
"1040","0","1005",23023,159
"1041","1","1005",13212,66
"1042","0","1002",3046,241
"1043","0","1012",150,2
"1044","1","1012",219,2
"1045","2","1005",18,2
"1046","0","1001",11,0
"1047","0","1010",1,0
"1048","2","1008",3,1
"1049","2","1012",1,0
"1050","0","1005",27260,180
"1051","1","1005",14522,66
"1052","0","1002",5445,392
"1053","1","1012",163,1
"1054","0","1012",239,2
"1055","2","1005",36,2
"1056","0","1001",13,0
"1057","2","1008",2,1
"1058","2","1012",6,0
"1059","0","1005",2,1
"1060","0","1010",1,0
"1061","0","1005",44378,204
"1062","1","1005",21642,75
"1063","0","1002",5804,423
"1064","0","1012",244,3
"1065","2","1005",55,2
"1066","2","1012",3,0
"1067","0","1001",5,0
"1068","2","1008",2,0
"1069","0","1010",1,0
"1070","1","1005",33047,89
"1071","0","1005",41588,246
"1072","0","1002",6462,458
"1073","0","1012",252,2
"1074","2","1005",64,2
"1075","2","1008",1,0
"1076","0","1001",6,0
"1077","1","1012",2,0
"1078","0","1010",1,0
"1079","2","1012",1,0
"1080","1","1005",42210,93
"1081","0","1005",62285,269
"1082","0","1002",9300,594
"1083","2","1008",14,1
"1084","2","1005",74,2
"1085","1","1012",254,1
"1086","0","1012",331,3
"1087","0","1001",18,2
"1088","0","1010",1,1
"1089","2","1012",1,0
"1090","0","1005",74050,305
"1091","1","1005",47652,101
"1092","0","1002",10498,657
"1093","2","1005",95,3
"1094","1","1012",302,1
"1095","0","1012",321,3
"1096","0","1001",9,0
"1097","2","1008",12,1
"1098","0","1005",74555,319
"1099","0","1002",10261,650
"1100","1","1005",52109,91
"1101","1","1012",259,1
"1102","0","1012",314,1
"1103","0","1001",5,0
"1104","2","1005",96,3
"1105","2","1008",21,1
"1106","2","1012",1,0
"1107","0","1005",77897,346
"1108","1","1005",60541,101
"1109","0","1002",10844,678
"1110","0","1012",261,4
"1111","2","1005",129,2
"1112","2","1008",22,1
"1113","0","1001",11,1
"1114","2","1012",4,0
"1115","0","1002",12378,748
"1116","1","1005",56130,93
"1117","0","1005",69904,317
"1118","0","1012",250,4
"1119","2","1005",133,2
"1120","2","1008",26,1
"1121","2","1012",6,0
"1122","0","1001",16,1
"1123","1","1005",60384,90
"1124","0","1005",69600,285
"1125","0","1002",15600,825
"1126","0","1012",255,4
"1127","2","1005",93,2
"1128","2","1008",18,1
"1129","0","1001",7,0
"1130","2","1012",5,0
"1131","0","1012",498,3
"1132","0","1005",71945,319
"1133","1","1005",63161,99
"1134","0","1002",13785,819
"1135","0","1001",12,0
"1136","1","1012",617,2
"1137","2","1005",133,3
"1138","2","1008",15,1
"1139","2","1012",2,0
"1140","0","1002",13300,803
"1141","1","1005",67326,100
"1142","0","1005",80137,339
"1143","1","1012",471,2
"1144","0","1012",504,4
"1145","2","1005",137,2
"1146","2","1008",25,1
"1147","0","1001",16,1
"1148","2","1012",4,0
"1149","1","1005",66892,85
"1150","0","1002",16074,899
"1151","0","1005",78065,320
"1152","1","1012",302,2
"1153","0","1012",465,5
"1154","2","1005",211,2
"1155","0","1001",19,0
"1156","2","1008",19,1
"1157","2","1012",2,0
"1158","0","1010",3,1
"1159","1","1005",67309,103
"1160","0","1005",79805,324
"1161","0","1002",16387,865
"1162","1","1012",282,1
"1163","0","1012",2209,7
"1164","2","1005",137,2
"1165","2","1008",16,1
"1166","2","1012",24,0
"1167","0","1001",9,0
"1168","0","1005",1,0
"1169","0","1010",1,0
"1170","0","1005",3,1
"1171","0","1005",91597,359
"1172","1","1005",60903,98
"1173","0","1002",15040,845
"1174","0","1012",2547,4
"1175","1","1012",249,1
"1176","2","1005",122,2
"1177","0","1001",6,0
"1178","2","1008",6,0
"1179","2","1012",7,1
"1180","1","1005",55389,109
"1181","0","1005",80597,345
"1182","0","1002",13780,828
"1183","0","1012",2144,5
"1184","2","1005",115,3
"1185","1","1012",173,2
"1186","0","1001",2,0
"1187","2","1008",4,0
"1188","2","1012",2,0
"1189","1","1005",54781,96
"1190","0","1005",79318,341
"1191","0","1002",10415,762
"1192","0","1012",2176,7
"1193","2","1005",152,2
"1194","1","1012",213,2
"1195","2","1012",4,0
"1196","2","1008",3,1
"1197","0","1001",1,0
"1198","1","1005",45753,98
"1199","0","1005",69977,316
"1200","0","1012",1740,4
"1201","0","1002",7949,638
"1202","2","1005",118,2
"1203","1","1012",24,1
"1204","0","1010",1,0
"1205","2","1012",5,1
"1206","2","1008",7,1
"1207","1","1005",38667,77
"1208","0","1005",59363,311
"1209","0","1002",7876,598
"1210","0","1012",1777,4
"1211","2","1005",78,2
"1212","2","1008",5,1
"1213","1","1012",17,1
"1214","0","1010",2,0
"1215","0","1001",2,0
"1216","2","1012",1,0
"1217","1","1005",30201,76
"1218","0","1005",37702,262
"1219","0","1012",1486,5
"1220","0","1002",4690,402
"1221","2","1005",33,2
"1222","2","1008",4,1
"1223","1","1012",19,1
"1224","0","1001",1,0
"1225","2","1012",2,1
"1226","0","1005",29574,194
"1227","1","1005",26008,63
"1228","0","1012",1188,5
"1229","0","1002",3856,335
"1230","2","1005",12,2
"1231","1","1012",23,1
"1232","0","1010",1,1
"1233","2","1012",1,1
"1234","2","1008",2,0
"1235","0","1001",2,0
"1236","0","1005",24625,175
"1237","1","1005",17484,59
"1238","0","1002",3045,265
"1239","0","1012",1184,4
"1240","1","1012",30,1
"1241","2","1005",12,2
"1242","0","1001",4,0
"1243","2","1008",1,1
"1244","1","1005",19844,62
"1245","0","1005",27684,180
"1246","0","1002",3886,280
"1247","0","1012",1425,5
"1248","0","1001",3,0
"1249","1","1012",26,1
"1250","2","1005",13,2
"1251","2","1008",4,1
"1252","1","1005",16943,54
"1253","0","1005",28309,141
"1254","0","1012",1266,5
"1255","0","1002",2979,218
"1256","1","1012",44,2
"1257","2","1005",21,1
"1258","2","1012",1,0
"1259","2","1008",1,0
"1260","0","1001",3,0
"1261","0","1005",21467,140
"1262","0","1012",1797,5
"1263","1","1005",12110,55
"1264","0","1002",3397,253
"1265","1","1012",233,2
"1266","0","1001",10,0
"1267","2","1008",3,1
"1268","2","1005",15,1
"1269","2","1012",2,0
"1270","0","1005",22847,157
"1271","0","1002",14418,387
"1272","1","1005",13643,58
"1273","0","1012",1552,4
"1274","2","1005",8,1
"1275","1","1012",272,2
"1276","0","1001",6,0
"1277","2","1012",2,0
"1278","2","1008",5,0
"1279","0","1010",3,0
"1280","0","1002",13438,401
"1281","0","1005",25022,191
"1282","1","1005",18238,84
"1283","0","1012",2032,5
"1284","1","1012",601,2
"1285","2","1005",44,2
"1286","2","1012",3,0
"1287","0","1010",1,0
"1288","2","1008",3,0
"1289","1","1005",29755,88
"1290","0","1002",18225,549
"1291","0","1005",35312,217
"1292","0","1012",2256,6
"1293","2","1005",53,2
"1294","1","1012",894,2
"1295","2","1008",7,1
"1296","2","1012",4,0
"1297","0","1001",5,0
"1298","0","1005",37130,270
"1299","1","1005",40093,98
"1300","0","1002",22273,671
"1301","1","1012",276,2
"1302","0","1012",1654,4
"1303","2","1005",119,2
"1304","0","1001",5,0
"1305","0","1010",6,2
"1306","2","1008",10,0
"1307","2","1012",3,0
"1308","0","1002",22619,665
"1309","1","1005",48859,107
"1310","0","1005",58984,271
"1311","0","1012",566,6
"1312","2","1005",132,2
"1313","1","1012",383,1
"1314","2","1008",18,1
"1315","2","1012",7,0
"1316","0","1001",3,0
"1317","0","1005",66171,278
"1318","0","1002",18482,733
"1319","1","1005",50155,101
"1320","0","1012",450,5
"1321","1","1012",315,1
"1322","2","1005",111,3
"1323","2","1012",28,1
"1324","2","1008",9,1
"1325","0","1001",7,0
"1326","0","1005",68652,244
"1327","0","1002",18371,774
"1328","1","1005",31599,93
"1329","1","1012",230,1
"1330","0","1012",344,1
"1331","2","1005",86,2
"1332","0","1001",6,1
"1333","2","1008",8,1
"1334","2","1012",6,0
"1335","0","1005",63689,270
"1336","1","1005",28639,91
"1337","0","1002",16547,709
"1338","1","1012",305,1
"1339","0","1012",553,5
"1340","2","1008",14,1
"1341","2","1005",67,4
"1342","2","1012",7,1
"1343","0","1001",9,0
"1344","0","1005",59237,252
"1345","1","1005",25832,67
"1346","0","1002",13323,680
"1347","1","1012",346,1
"1348","0","1012",830,5
"1349","2","1005",61,2
"1350","0","1001",37,0
"1351","2","1012",5,1
"1352","2","1008",11,1
"1353","1","1005",15749,53
"1354","0","1005",34509,189
"1355","0","1002",13223,609
"1356","0","1012",693,7
"1357","1","1012",325,1
"1358","0","1001",16,0
"1359","2","1005",57,2
"1360","2","1008",11,0
"1361","2","1012",10,1
"1362","0","1002",9054,484
"1363","1","1005",23188,60
"1364","0","1005",29606,213
"1365","0","1012",669,4
"1366","2","1005",76,2
"1367","2","1008",15,1
"1368","1","1012",161,1
"1369","2","1012",12,1
"1370","0","1001",22,0
"1371","0","1002",20694,781
"1372","1","1005",26716,66
"1373","0","1005",46096,262
"1374","0","1012",722,5
"1375","0","1001",24,0
"1376","2","1012",39,1
"1377","2","1005",145,2
"1378","2","1008",9,1
"1379","0","1010",3,0
"1380","1","1012",1,0
"1381","0","1005",59425,251
"1382","0","1002",20924,827
"1383","1","1005",30091,87
"1384","0","1012",616,4
"1385","2","1005",117,3
"1386","0","1001",28,1
"1387","2","1008",16,1
"1388","2","1012",18,1
"1389","1","1012",1,0
"1390","0","1010",1,0
"1391","0","1005",39887,241
"1392","1","1005",28373,81
"1393","0","1002",10037,619
"1394","0","1012",284,5
"1395","2","1005",66,2
"1396","2","1012",7,1
"1397","2","1008",2,0
"1398","1","1012",2,0
"1399","0","1010",1,0
"1400","0","1001",1,0
"1401","1","1005",29957,79
"1402","0","1002",11234,654
"1403","0","1005",37684,235
"1404","2","1012",7,0
"1405","0","1012",252,4
"1406","2","1005",96,2
"1407","2","1008",5,1
"1408","0","1001",2,0
"1409","0","1005",66409,287
"1410","1","1005",46340,91
"1411","0","1002",23612,948
"1412","0","1012",425,4
"1413","2","1005",101,2
"1414","2","1012",12,2
"1415","0","1001",6,0
"1416","2","1008",6,1
"1417","1","1012",5,1
"1418","0","1010",1,1
"1419","1","1005",63326,88
"1420","0","1005",77388,314
"1421","0","1002",29787,1074
"1422","2","1008",15,1
"1423","0","1012",535,4
"1424","2","1005",149,2
"1425","2","1012",20,1
"1426","0","1001",18,0
"1427","1","1012",27,1
"1428","0","1010",1,0
"1429","0","1005",73444,261
"1430","0","1002",19023,856
"1431","1","1005",50427,84
"1432","2","1005",81,2
"1433","0","1012",30,2
"1434","0","1001",8,1
"1435","2","1012",1,0
"1436","2","1008",18,1
"1437","1","1012",2,0
"1438","0","1005",57282,225
"1439","1","1005",32811,72
"1440","0","1002",13870,664
"1441","2","1005",59,2
"1442","2","1008",13,1
"1443","0","1001",13,0
"1444","0","1010",2,1
"1445","0","1005",35631,158
"1446","1","1005",20344,66
"1447","0","1002",8283,463
"1448","2","1005",32,2
"1449","0","1001",12,0
"1450","2","1008",14,1
"1451","0","1002",5282,379
"1452","0","1005",31512,148
"1453","1","1005",16847,64
"1454","2","1008",14,1
"1455","2","1005",51,2
"1456","0","1001",14,0
"1457","1","1005",15997,52
"1458","0","1005",35409,144
"1459","0","1002",4908,342
"1460","2","1005",47,2
"1461","0","1001",11,0
"1462","2","1008",13,1
"1463","1","1005",15942,61
"1464","0","1005",31039,140
"1465","0","1002",4989,301
"1466","2","1005",37,1
"1467","0","1001",9,0
"1468","0","1012",26,1
"1469","1","1012",1,1
"1470","2","1008",2,0
"1471","0","1002",5222,337
"1472","0","1005",31765,159
"1473","1","1005",15999,65
"1474","0","1012",997,3
"1475","2","1005",30,2
"1476","2","1008",7,1
"1477","1","1012",3,1
"1478","0","1001",6,0
"1479","2","1012",8,2
"1480","0","1002",8064,491
"1481","1","1005",23483,76
"1482","0","1005",43789,201
"1483","0","1012",371,4
"1484","0","1001",10,0
"1485","2","1005",53,3
"1486","2","1008",7,1
"1487","0","1010",1,1
"1488","2","1012",6,1
"1489","1","1005",26205,82
"1490","0","1005",50659,232
"1491","0","1002",9885,564
"1492","2","1012",352,1
"1493","0","1012",515,4
"1494","0","1010",168,1
"1495","2","1005",68,2
"1496","1","1012",35,1
"1497","2","1008",12,1
"1498","0","1001",3,0
"1499","0","1005",25678,207
"1500","1","1005",28402,67
"1501","0","1002",9936,546
"1502","0","1012",929,5
"1503","2","1005",57,2
"1504","2","1012",4,1
"1505","0","1010",13,1
"1506","0","1001",4,0
"1507","1","1012",5,1
"1508","2","1008",7,1
"1509","0","1005",37725,279
"1510","0","1002",10462,593
"1511","1","1005",60154,94
"1512","0","1012",248,3
"1513","2","1005",109,2
"1514","0","1001",4,1
"1515","2","1008",11,1
"1516","2","1012",1,0
"1517","1","1005",73019,98
"1518","0","1005",50006,252
"1519","0","1002",11600,625
"1520","0","1012",312,5
"1521","2","1005",95,2
"1522","2","1012",6,1
"1523","0","1001",6,0
"1524","2","1008",13,1
"1525","0","1005",56111,313
"1526","0","1002",12815,634
"1527","1","1005",81648,98
"1528","0","1012",389,6
"1529","2","1008",5,1
"1530","0","1001",4,0
"1531","2","1005",97,3
"1532","2","1012",12,0
"1533","1","1012",1,0
"1534","0","1005",52425,267
"1535","1","1005",90398,101
"1536","0","1002",11558,647
"1537","2","1012",9,0
"1538","0","1012",311,6
"1539","2","1005",98,2
"1540","0","1001",5,0
"1541","2","1008",3,1
"1542","1","1005",100579,101
"1543","0","1002",14890,679
"1544","0","1005",75280,345
"1545","0","1012",2098,6
"1546","0","1001",4,0
"1547","2","1005",133,2
"1548","1","1012",17,1
"1549","2","1008",3,1
"1550","2","1012",9,0
"1551","0","1002",12117,609
"1552","1","1005",75222,96
"1553","0","1005",82538,358
"1554","0","1012",1023,5
"1555","1","1012",39,2
"1556","2","1005",51,2
"1557","2","1012",3,0
"1558","0","1001",2,0
"1559","0","1002",13907,676
"1560","0","1005",70230,283
"1561","1","1005",82674,84
"1562","0","1012",238,5
"1563","2","1005",73,2
"1564","1","1012",25,1
"1565","2","1012",4,0
"1566","2","1008",1,0
"1567","0","1001",3,0
"1568","0","1005",69860,204
"1569","1","1005",68743,82
"1570","0","1002",13093,657
"1571","0","1012",353,4
"1572","2","1005",86,2
"1573","1","1012",18,1
"1574","0","1001",9,0
"1575","2","1012",2,1
"1576","2","1008",2,1
"1577","0","1005",41569,216
"1578","0","1002",11649,662
"1579","1","1005",69555,85
"1580","0","1012",463,4
"1581","1","1012",22,1
"1582","2","1005",94,2
"1583","0","1001",8,0
"1584","2","1008",3,1
"1585","2","1012",2,0
"1586","0","1010",1,1
"1587","1","1005",107365,99
"1588","0","1005",98280,322
"1589","0","1002",24894,1008
"1590","0","1012",528,8
"1591","2","1005",320,4
"1592","1","1012",82,1
"1593","2","1012",5,0
"1594","2","1008",2,0
"1595","0","1001",3,0
"1596","0","1005",1,0
"1597","0","1005",131381,376
"1598","1","1005",107363,105
"1599","0","1012",528,6
"1600","0","1002",19259,901
"1601","2","1005",503,3
"1602","0","1001",3,0
"1603","2","1012",29,3
"1604","1","1012",134,1
"1605","0","1010",1,0
"1606","2","1008",5,1
"1607","0","1005",2,0
"1608","1","1005",94968,100
"1609","0","1005",103095,345
"1610","0","1002",11156,731
"1611","2","1012",135,0
"1612","2","1005",241,3
"1613","0","1012",854,6
"1614","1","1012",124,2
"1615","2","1008",11,1
"1616","0","1001",1,0
"1617","1","1005",93870,104
"1618","0","1005",104531,345
"1619","0","1002",11372,631
"1620","0","1012",1738,5
"1621","0","1001",7,0
"1622","2","1005",175,2
"1623","2","1012",237,1
"1624","1","1012",163,2
"1625","2","1008",7,1
"1626","0","1005",104987,360
"1627","1","1005",88558,94
"1628","2","1012",282,2
"1629","0","1002",9792,577
"1630","2","1008",8,1
"1631","0","1012",1221,2
"1632","1","1012",108,1
"1633","2","1005",204,2
"1634","0","1001",4,0
"1635","0","1002",11995,609
"1636","0","1005",84956,285
"1637","1","1005",61463,94
"1638","0","1012",88,2
"1639","2","1012",27,1
"1640","2","1005",99,4
"1641","1","1012",4,1
"1642","2","1008",8,1
"1643","0","1001",8,0
"1644","0","1002",8076,471
"1645","0","1005",66092,244
"1646","1","1005",49445,85
"1647","2","1005",53,2
"1648","2","1008",24,1
"1649","0","1010",2,0
"1650","0","1001",2,0
"1651","0","1005",48896,201
"1652","1","1005",39362,75
"1653","0","1002",5205,314
"1654","2","1005",28,2
"1655","2","1008",17,1
"1656","0","1001",2,0
"1657","0","1010",1,0
"1658","0","1005",45591,192
"1659","1","1005",39896,77
"1660","0","1002",4824,306
"1661","0","1010",4,0
"1662","2","1005",54,2
"1663","2","1008",11,1
"1664","0","1001",1,0
"1665","0","1005",40545,139
"1666","1","1005",27713,61
"1667","0","1002",5686,290
"1668","2","1005",31,1
"1669","2","1008",7,0
"1670","0","1010",3,1
"1671","0","1001",3,0
"1672","0","1002",4919,247
"1673","1","1005",24187,60
"1674","0","1005",40300,122
"1675","2","1008",7,1
"1676","2","1005",37,2
"1677","0","1010",1,0
"1678","0","1001",4,0
"1679","0","1012",1,0
"1680","1","1005",18235,60
"1681","0","1005",44051,119
"1682","0","1002",5223,285
"1683","0","1012",58,3
"1684","2","1008",4,1
"1685","0","1010",1,0
"1686","0","1001",4,0
"1687","1","1012",2,1
"1688","2","1005",32,1
"1689","2","1012",3,0
"1690","0","1005",52951,150
"1691","1","1005",26751,70
"1692","0","1002",6983,410
"1693","2","1005",54,2
"1694","0","1012",38,2
"1695","0","1010",2,0
"1696","0","1001",8,0
"1697","2","1008",1,0
"1698","0","1005",51852,207
"1699","1","1005",32955,74
"1700","0","1002",6943,398
"1701","2","1005",74,4
"1702","0","1012",63,2
"1703","1","1012",9,1
"1704","2","1008",9,1
"1705","0","1010",1,0
"1706","0","1001",2,0
"1707","2","1012",4,1
"1708","1","1005",46903,88
"1709","0","1005",57545,257
"1710","0","1002",7988,432
"1711","0","1012",135,2
"1712","2","1008",30,1
"1713","2","1005",75,1
"1714","1","1012",65,1
"1715","0","1010",1,0
"1716","1","1005",46570,86
"1717","0","1005",33624,266
"1718","0","1002",9344,491
"1719","0","1012",119,2
"1720","1","1012",65,1
"1721","2","1005",95,3
"1722","2","1008",29,1
"1723","2","1012",1,0
"1724","0","1005",30201,209
"1725","1","1005",48468,75
"1726","0","1002",7148,446
"1727","0","1012",86,3
"1728","1","1012",78,1
"1729","2","1008",17,1
"1730","2","1005",25,1
"1731","2","1012",2,1
"1732","0","1002",8868,523
"1733","1","1005",47779,78
"1734","0","1005",35445,217
"1735","0","1012",328,3
"1736","1","1012",105,1
"1737","2","1005",33,1
"1738","2","1012",8,0
"1739","2","1008",8,1
"1740","0","1005",68877,246
"1741","0","1002",9339,567
"1742","1","1005",59075,86
"1743","0","1012",1940,5
"1744","2","1008",21,1
"1745","2","1005",51,1
"1746","1","1012",37,1
"1747","2","1012",4,0
"1748","1","1005",62761,94
"1749","0","1005",60685,254
"1750","0","1002",10923,620
"1751","1","1012",73,1
"1752","0","1012",234,1
"1753","2","1005",49,2
"1754","2","1012",3,0
"1755","2","1008",14,1
"1756","0","1001",3,0
"1757","1","1005",53708,90
"1758","0","1005",74522,220
"1759","0","1002",14307,667
"1760","0","1012",174,2
"1761","1","1012",125,1
"1762","2","1005",80,2
"1763","2","1008",6,1
"1764","2","1012",3,0
"1765","0","1001",1,0
"1766","0","1005",102582,216
"1767","1","1005",58096,91
"1768","0","1002",15292,746
"1769","1","1012",391,2
"1770","2","1005",108,1
"1771","0","1001",5,0
"1772","0","1012",219,3
"1773","0","1005",1,0
"1774","2","1008",5,1
"1775","2","1012",6,0
"1776","0","1005",49101,209
"1777","0","1002",12470,599
"1778","1","1005",52547,86
"1779","1","1012",762,2
"1780","0","1012",340,4
"1781","2","1005",74,1
"1782","2","1008",10,1
"1783","2","1012",21,5
"1784","1","1005",62651,88
"1785","0","1005",53884,215
"1786","0","1002",13194,600
"1787","1","1012",483,2
"1788","0","1012",1963,6
"1789","2","1005",114,3
"1790","2","1012",19,1
"1791","2","1008",15,1
"1792","0","1001",4,0
"1793","0","1010",1,0
"1794","1","1005",58818,87
"1795","0","1005",55182,222
"1796","0","1002",13873,644
"1797","1","1012",732,2
"1798","2","1005",111,2
"1799","0","1012",340,4
"1800","2","1012",40,0
"1801","0","1001",6,0
"1802","2","1008",10,1
"1803","0","1002",13460,635
"1804","0","1005",62089,252
"1805","1","1005",71851,97
"1806","1","1012",626,2
"1807","0","1012",333,4
"1808","2","1005",113,3
"1809","2","1008",11,1
"1810","2","1012",5,1
"1811","0","1001",6,0
"1812","0","1010",2,2
"1813","1","1005",61024,93
"1814","0","1005",57119,241
"1815","1","1012",551,1
"1816","0","1002",13674,658
"1817","2","1005",109,2
"1818","0","1012",373,4
"1819","2","1012",5,0
"1820","0","1001",7,1
"1821","2","1008",1,0
"1822","1","1005",53854,79
"1823","0","1005",51660,215
"1824","0","1002",11521,608
"1825","1","1012",30,1
"1826","0","1012",433,2
"1827","2","1005",102,2
"1828","2","1008",1,0
"1829","0","1010",2,1
"1830","2","1012",3,0
"1831","1","1005",47088,83
"1832","0","1005",45853,209
"1833","0","1002",8552,385
"1834","1","1012",135,2
"1835","2","1005",55,2
"1836","0","1012",196,2
"1837","2","1012",2,0
"1838","0","1005",39102,209
"1839","1","1005",36990,76
"1840","0","1002",9022,394
"1841","2","1005",55,2
"1842","0","1012",51,1
"1843","1","1012",7,1
"1844","2","1012",2,0
"1845","0","1002",7634,313
"1846","0","1005",33341,191
"1847","1","1005",32673,70
"1848","0","1012",207,2
"1849","1","1012",11,1
"1850","2","1005",45,1
"1851","2","1012",3,0
"1852","1","1005",28799,65
"1853","0","1005",27366,167
"1854","0","1002",6220,251
"1855","0","1012",187,3
"1856","2","1005",22,2
"1857","1","1012",14,0
"1858","2","1012",2,0
"1859","1","1005",21611,58
"1860","0","1005",22055,167
"1861","0","1002",5640,178
"1862","0","1012",149,2
"1863","1","1012",12,0
"1864","2","1005",17,1
"1865","2","1012",3,0
"1866","0","1005",19823,137
"1867","1","1005",19769,55
"1868","0","1002",4050,196
"1869","0","1012",156,2
"1870","0","1001",5,0
"1871","1","1012",29,1
"1872","2","1005",17,1
"1873","2","1012",5,0
"1874","0","1010",1,0
"1875","1","1005",22677,65
"1876","0","1005",19289,137
"1877","0","1002",4457,216
"1878","0","1012",242,4
"1879","2","1005",25,2
"1880","2","1008",3,1
"1881","1","1012",1,0
"1882","2","1012",3,0
"1883","1","1005",22982,70
"1884","0","1005",20678,150
"1885","0","1002",5831,254
"1886","0","1012",243,2
"1887","2","1005",32,2
"1888","0","1001",3,0
"1889","2","1008",5,1
"1890","0","1010",2,0
"1891","2","1012",2,1
"1892","0","1002",6919,382
"1893","0","1005",25178,127
"1894","1","1005",23823,68
"1895","0","1012",267,4
"1896","2","1005",24,1
"1897","0","1001",5,1
"1898","2","1008",4,0
"1899","2","1012",4,0
"1900","1","1012",2,0
"1901","0","1010",3,0
"1902","1","1005",27211,79
"1903","0","1005",21802,182
"1904","0","1002",9052,434
"1905","0","1012",319,5
"1906","2","1008",10,1
"1907","0","1001",14,1
"1908","2","1005",59,2
"1909","2","1012",3,1
"1910","0","1005",23359,159
"1911","1","1005",28574,90
"1912","0","1002",6992,344
"1913","2","1005",40,2
"1914","0","1012",268,4
"1915","2","1012",4,0
"1916","1","1012",2,0
"1917","2","1008",1,0
"1918","0","1010",1,0
"1919","1","1005",38037,113
"1920","0","1005",26740,198
"1921","0","1002",8029,422
"1922","0","1012",267,2
"1923","1","1012",256,2
"1924","2","1005",87,2
"1925","2","1012",7,0
"1926","0","1010",1,1
"1927","2","1008",2,0
"1928","0","1005",32221,230
"1929","1","1005",44578,108
"1930","0","1002",10812,541
"1931","1","1012",200,2
"1932","0","1012",346,6
"1933","2","1005",100,3
"1934","2","1008",14,1
"1935","2","1012",9,0
"1936","0","1005",45002,216
"1937","1","1005",42256,97
"1938","0","1002",12323,623
"1939","1","1012",158,1
"1940","0","1012",313,4
"1941","2","1005",143,3
"1942","2","1008",11,1
"1943","2","1012",8,0
"1944","0","1005",55459,206
"1945","1","1005",37066,79
"1946","0","1002",11743,561
"1947","0","1012",273,2
"1948","1","1012",93,1
"1949","2","1005",118,3
"1950","2","1008",8,1
"1951","2","1012",5,1
"1952","0","1005",57077,196
"1953","0","1002",11722,604
"1954","1","1005",43395,94
"1955","0","1012",354,4
"1956","2","1008",5,1
"1957","2","1005",158,3
"1958","1","1012",151,1
"1959","0","1001",4,0
"1960","2","1012",16,1
"1961","0","1005",58833,235
"1962","1","1005",43745,91
"1963","0","1002",11369,643
"1964","2","1005",167,2
"1965","1","1012",55,1
"1966","0","1012",347,2
"1967","2","1012",11,0
"1968","0","1001",1,0
"1969","1","1005",46851,84
"1970","0","1005",74423,226
"1971","0","1002",10399,592
"1972","2","1005",139,2
"1973","0","1012",420,5
"1974","2","1012",21,1
"1975","1","1012",3,0
"1976","1","1005",48767,89
"1977","0","1005",73306,236
"1978","0","1002",11134,646
"1979","0","1012",501,3
"1980","1","1012",230,1
"1981","2","1005",139,2
"1982","2","1012",16,3
"1983","0","1005",90278,235
"1984","1","1005",50945,91
"1985","0","1002",8874,544
"1986","0","1012",248,3
"1987","2","1005",87,3
"1988","0","1001",42,0
"1989","1","1012",1,1
"1990","2","1012",1,0
"1991","1","1005",50266,94
"1992","0","1005",83903,237
"1993","0","1002",8933,574
"1994","0","1012",259,6
"1995","2","1005",111,2
"1996","2","1012",5,0
"1997","0","1010",1,0
"1998","1","1005",53182,93
"1999","0","1005",95306,245
"2000","0","1002",9816,591
"2001","2","1005",146,3
"2002","0","1012",309,4
"2003","2","1012",7,0
"2004","1","1005",51487,96
"2005","0","1005",76164,259
"2006","0","1002",7740,523
"2007","2","1005",161,3
"2008","0","1012",305,4
"2009","1","1012",2,0
"2010","2","1012",5,0
"2011","0","1001",2,0
"2012","0","1005",72560,235
"2013","1","1005",44858,88
"2014","0","1002",7103,505
"2015","0","1012",270,4
"2016","1","1012",29,1
"2017","2","1005",109,3
"2018","0","1001",1,0
"2019","2","1012",1,0
"2020","1","1005",37884,79
"2021","0","1005",62352,214
"2022","0","1002",3801,323
"2023","1","1012",288,1
"2024","2","1005",139,3
"2025","0","1012",232,2
"2026","2","1012",1,0
"2027","0","1005",53629,215
"2028","1","1005",35161,78
"2029","0","1002",4499,311
"2030","0","1012",155,2
"2031","1","1012",288,1
"2032","2","1005",100,3
"2033","2","1012",2,0
"2034","0","1005",39859,231
"2035","1","1005",26977,76
"2036","0","1002",5132,338
"2037","1","1012",284,1
"2038","2","1012",1,0
"2039","0","1012",155,3
"2040","2","1005",60,2
"2041","1","1005",23625,67
"2042","0","1005",31524,186
"2043","0","1002",3830,275
"2044","0","1012",191,4
"2045","1","1012",267,1
"2046","2","1005",28,2
"2047","0","1001",1,0
"2048","0","1005",29355,185
"2049","1","1005",24911,65
"2050","0","1002",4732,254
"2051","0","1012",243,4
"2052","1","1012",324,1
"2053","2","1005",42,3
"2054","2","1012",1,0
"2055","0","1005",29939,151
"2056","1","1005",16626,70
"2057","0","1002",2845,183
"2058","1","1012",300,1
"2059","0","1012",304,2
"2060","2","1005",32,4
"2061","2","1012",1,0
"2062","0","1005",25733,122
"2063","1","1005",12694,65
"2064","0","1002",2509,162
"2065","1","1012",264,1
"2066","0","1012",410,4
"2067","2","1005",35,3
"2068","2","1012",1,0
